"run","scientific_name","bio_sample","bio_project","palm_id","sotu","nickname","gb_acc","gb_pid","gb_eval","tax_species","tax_family","node","node_coverage","node_pid","node_eval","node_qc","node_seq","node_coverage_norm","tax_phylum"
"ERR1744941","Meloidogyne graminicola","SAMEA18495418","PRJEB18434","u795359","u795359","heavyDodger","UUW21409.1",68,1.24e-28,"Sanya fiers-like virus 49","Fiersviridae",9,2,91,4.1e-41,TRUE,"SDCIAYLLVLDLLPLDWFTLLDTYRCDECLLPNGKWLRLQKFSAMGNGYTFELESLIFYALLSVVCE",4.99178663905876,"Lenarviricota"
"ERR1744941","Meloidogyne graminicola","SAMEA18495418","PRJEB18434","u254482","u21207","visoredAnimalism","AWK77928.1",99,2.16e-93,"Rhopalosiphum padi virus","Dicistroviridae",1,31,100,8.9e-99,TRUE,"IAGDYSNFDGSLPAQLVYAATEIMADWYDLNWDYVEAHKRNVVGGQVLLKNDFLDYLRRLYYECVHHLHIMNFQQGSLMYYVRNGIPSGCPVTAPLNSIVNQMALIYCWYHIIDDPLKRNVKEFFEHTSSVFYGDDFVM",77.3726929054108,"Pisuviricota"
"ERR1744941","Meloidogyne graminicola","SAMEA18495418","PRJEB18434","u456953","u456953","ionizedSweetleaf","URG14683.1",70,1.21e-91,"Picornaviridae sp.","Picornaviridae",2,22,84,3.4e-114,TRUE,"VDDCIIKRMQEITRIYSKGERFHAMFCGHLKDDPLEQKKILAFKTRVFTGGEFAWSIVVRRYFLSHVRLIQNNPFVFEAMPGIVAQSEQWHELYDYLTKFGKDRIIAGDYGKYDKNMAASFILAAFDILIELSKRAGWNDDDIRIMRGIAYDTAFPTMDFHGDLVEMQGNPSGHPLTVIINCIVN",54.9096530296463,"Pisuviricota"
"ERR4288686","Meloidogyne graminicola","SAMEA3373775","PRJEB9304","u41437","u37847","rootlessCutch","XP_010532918.1",100,2.27e-123,"Tarenaya hassleriana","Cleomaceae",6,12,31,4.2e-11,TRUE,"VPKGLEMGIGSMAREEKAIIYVTSAYLTNSSLIPQLEGIEEVQFEVELVQFVQVRDMLGDGRLIKRRVVDGKGEFPMDCPLHDSLLRVHYKGMLLDEPKSIFYDTRVDNHGEPLEFCSGEGLVPEGFEMCVRLMLPGEKSIVTCPPDFAYDKFPRPANVPEGA",27.2621960103276,"Streptophyta"
"ERR4288687","Meloidogyne graminicola","SAMEA3373775","PRJEB9304","u41437","u37847","rootlessCutch","XP_010532918.1",100,2.27e-123,"Tarenaya hassleriana","Cleomaceae",9,10,31,6.5e-11,TRUE,"VPKGLEMGIGSMAREEKAIIYVTSAYLTNSSLIPQLEGIEEVQFEVELVQFVQVRDMLGDGRLIKRRVVDGKGEFPMDCPLHDSLLRVHYKGMLLDEPKSIFYDTRVDNHGEPLEFCSGEGLVPEGFEMCVRLMLPGEKSIVTCPPDFAYDKFPRPANVPEGA",20.9954342698774,"Streptophyta"
"ERR4288688","Meloidogyne graminicola","SAMEA3373775","PRJEB9304","u41437","u37847","rootlessCutch","XP_010532918.1",100,2.27e-123,"Tarenaya hassleriana","Cleomaceae",9,12,31,4.8e-15,TRUE,"DGKELLPSKEEPYFFTIGKSEVPKGLEMGIGSMAREEKAIIYVTSAYLTNSSLIPQLEGIEEVQFEVELVQFVQVRDMLGDGRLIKRRVVDGKGEFPMDCPLHDSLLRVHYKGMLLDEPKSIFYDTRVDNHGEPLEFCSGEGLVPEGFEMCVRLMLPGEKSIVTCPPDFAYDKFPRPANVPEGA",32.109920392015,"Streptophyta"
"ERR4288689","Meloidogyne graminicola","SAMEA3373775","PRJEB9304","u41437","u37847","rootlessCutch","XP_010532918.1",100,2.27e-123,"Tarenaya hassleriana","Cleomaceae",11,10,30,0.00000002,TRUE,"GIGSMAREEKAIIYVTSAYLTNSSLIPQLEGIEEVQFEVELVQFVQVRDMLGDGRLIKRRVVDGKGEFPMDCPLHDSLLRVHYKGMLLDEPKSIFYDTRVDNHGEPLEFCSGEGLVPEGFEMCVRLMLPGEKSIVTCPPDFAYDKFPRPANVPEGA",29.8008880485833,"Streptophyta"
"ERR4288690","Meloidogyne graminicola","SAMEA3373775","PRJEB9304","u41437","u37847","rootlessCutch","XP_010532918.1",100,2.27e-123,"Tarenaya hassleriana","Cleomaceae",10,14,31,1.9e-14,TRUE,"DGKELLPSKEEPYFFTIGKSEVPKGLEMGIGSMAREEKAIIYVTSAYLTNSSLIPQLEGIEEVQFEVELVQFVQVRDMLGDGRLIKRRVVDGKGEFPMDCPLHDSLLRVHYKGMLLDEPKSIFYDTRVDNHGEPLEFCSGEGLVPEGFEMCVRLMLPGEKSIVTCPPDFAYDKFPRPANVPEGA",33.7612776232061,"Streptophyta"
"ERR4288692","Meloidogyne graminicola","SAMEA3373775","PRJEB9304","u41437","u37847","rootlessCutch","XP_010532918.1",100,2.27e-123,"Tarenaya hassleriana","Cleomaceae",33,12,30,3.4e-14,TRUE,"DGKELLPSKEEPYFFTIGKSEVPKGLEMGIGSMAREEKAIIYVTSAYLTNSSLIPQLEGIEEVQFEVELVQFVQVRDMLGDGRLIKRRVVDGKGEFPMDCPLHDSLLRVHYKGMLLDEPKSIFYDTRVDNHGEPLEFCSGEGLVPEGFEMCVRLMLPGEKSIVTCPPDFAYDKFPRPAN",29.6894777521898,"Streptophyta"
"ERR4288693","Meloidogyne graminicola","SAMEA3373775","PRJEB9304","u41437","u37847","rootlessCutch","XP_010532918.1",100,2.27e-123,"Tarenaya hassleriana","Cleomaceae",37,6,31,1.3e-14,TRUE,"DGKELLPSKEEPYFFTIGKSEVPKGLEMGIGSMAREEKAIIYVTSAYLTNSSLIPQLEGIEEVQFEVELVQFVQVRDMLGDGRLIKRRVVDGKGEFPMDCPLHDSLLRVHYKGMLLDEPKSIFYDTRVDNHGEPLEFCSGEGLVPEGFEMCVRLMLPGEKSIVTCPPDFAYDKFPRPANVPEGA",18.3152944980306,"Streptophyta"
"ERR790020","Meloidogyne javanica","SAMEA3317369","PRJEB8843","u1493","u7099","andantinoEndive","WAH70783.1",97,1.42e-65,"Tomato mosaic virus","Virgaviridae",1,5,100,1.2e-70,TRUE,"LELDISKYDKSQNEFHCAVEYEIWRRLGLEDFLAEVWKQGHRKTTLKDYTAGIKTCLWYQRKSGDVTTFIGNTVIIASCLASMLPMEKLIKGAFCGDDSLL",16.2063779811592,"Kitrinoviricota"
"ERR790020","Meloidogyne javanica","SAMEA3317369","PRJEB8843","u1493","u7099","andantinoEndive","WAH70783.1",97,1.42e-65,"Tomato mosaic virus","Virgaviridae",1,5,100,1.2e-70,TRUE,"LELDISKYDKSQNEFHCAVEYEIWRRLGLEDFLAEVWKQGHRKTTLKDYTAGIKTCLWYQRKSGDVTTFIGNTVIIASCLASMLPMEKLIKGAFCGDDSLL",16.2063779811592,"Unclassified"
"ERR790020","Meloidogyne javanica","SAMEA3317369","PRJEB8843","u801908","u801908","thickenedPiedmont","QFP40245.1",48,4.29e-25,"Beauveria bassiana partitivirus 3","Partitiviridae",30,2,43,1.5e-14,TRUE,"ANLAKEMFGMVLSPDKSYLTSNIENVHFLGYYCKSVGVPHRDQDLLIVSFIHPERTRRTAEECAAAALGQLWANFDPWIAGRWFRVL",6.48255119246367,"Pisuviricota"
"ERR790020","Meloidogyne javanica","SAMEA3317369","PRJEB8843","u57876","u57876","unableChit","UHS72461.1",74,4.36e-53,"Totiviridae sp.","Totiviridae",34,1,68,4.8e-38,TRUE,"FGDCMAVDQKRAMEWVCESVLDMKVHNSQTLVNGQADIYKVNGTLLSGWRLTTFMNTVLNYVYFKIAGVFGSEGVRDSVHNGDDVLV",3.24127559623184,"Duplornaviricota"
"ERR790021","Meloidogyne arenaria","SAMEA3307863","PRJEB8845","u297264","u7099","andantinoEndive","WAH70783.1",97,1.42e-65,"Tomato mosaic virus","Virgaviridae",16,4,100,2.5e-68,TRUE,"SKYDKSQNEFHCAVEYEIWRRLGLEDFLAEVWKQGHRKTTLKDYTAGIKTCLWYQRKSGDVTTFIGNTVIIASCLASMLPMEKLIKGAFCGDDSLL",11.0721221706818,"Kitrinoviricota"
"ERR790021","Meloidogyne arenaria","SAMEA3307863","PRJEB8845","u297264","u7099","andantinoEndive","WAH70783.1",97,1.42e-65,"Tomato mosaic virus","Virgaviridae",16,4,100,2.5e-68,TRUE,"SKYDKSQNEFHCAVEYEIWRRLGLEDFLAEVWKQGHRKTTLKDYTAGIKTCLWYQRKSGDVTTFIGNTVIIASCLASMLPMEKLIKGAFCGDDSLL",11.0721221706818,"Unclassified"
"ERR790022","Meloidogyne incognita","SAMEA3317218","PRJEB8846","u1493","u7099","andantinoEndive","WAH70783.1",97,1.42e-65,"Tomato mosaic virus","Virgaviridae",1,6,100,1.1e-70,TRUE,"LELDISKYDKSQNEFHCAVEYEIWRRLGLEDFLAEVWKQGHRKTTLKDYTAGIKTCLWYQRKSGDVTTFIGNTVIIASCLASMLPMEKLIKGAFCGDDSLL",46.8609343976597,"Kitrinoviricota"
"ERR790022","Meloidogyne incognita","SAMEA3317218","PRJEB8846","u1493","u7099","andantinoEndive","WAH70783.1",97,1.42e-65,"Tomato mosaic virus","Virgaviridae",1,6,100,1.1e-70,TRUE,"LELDISKYDKSQNEFHCAVEYEIWRRLGLEDFLAEVWKQGHRKTTLKDYTAGIKTCLWYQRKSGDVTTFIGNTVIIASCLASMLPMEKLIKGAFCGDDSLL",46.8609343976597,"Unclassified"
"ERR790024","Meloidogyne incognita","SAMEA3317218","PRJEB8846","u106603","u861665","shutteredAssault","YP_950422.1",97,1.14e-97,"Maracuja mosaic virus","Virgaviridae",1,65,82,3.9e-116,TRUE,"SRESLNRWIAKQEQVTIGQLADFDFVDLPAVDQYRHMIKAQPKQKLDLSIQTEYPALQTIVYHSKKINAIFGPLFSELTRQLLDSIDSSRFLFFTRKTPAQIEDFFGDLDSHVPMDVLELDISKYDKSQNEFHCAVEYEIWRRLGLEDFLAEVWKQGHRKTTLKDYTAGIKTCLWYQRKSGDVTTFIGNTVII",2088.43124755814,"Kitrinoviricota"
"ERR790025","Meloidogyne incognita","SAMEA3317218","PRJEB8846","u106603","u861665","shutteredAssault","YP_950422.1",97,1.14e-97,"Maracuja mosaic virus","Virgaviridae",1,36,82,2.4e-117,TRUE,"SRESLNRWIAKQEQVTIGQLADFDFVDLPAVDQYRHMIKAQPKQKLDLSIQTEYPALQTIVYHSKKINAIFGPLFSELTRQLLDSIDSSRFLFFTRKTPAQIEDFFGDLDSHVPMDVLELDISKYDKSQNEFHCAVEYEIWRRLGLEDFLAEVWKQGHRKTTLKDYTAGIKTCLWYQRKSGDVTTFIGNTVII",271.885847820506,"Kitrinoviricota"
"ERR790025","Meloidogyne incognita","SAMEA3317218","PRJEB8846","u904744","u904744","impartialLitterer","UHK03234.1",54,1.4e-31,"Hangzhou tombusvirus 1","Tombusviridae",2,4,45,1.5e-23,TRUE,"SIEPYFKQFGFKMEVEKPVDIFERIEFCQTQPVFDGTQYIMVRKPSVVTSKDVTSLIPCQTQAQYAEWLQAVGECGMSINGGIPVMQNFYTMLQ",30.2095386467229,"Kitrinoviricota"
"ERR790027","Meloidogyne incognita","SAMEA3317218","PRJEB8846","u809310","u809310","woolySnag","UJQ92456.1",64,2.59e-29,"Mitoviridae sp.","Mitoviridae",17,2,36,2.7e-11,TRUE,"VLGDDILIADDRVAPIYASYVERLGVEISYLKSISSTTGCVEFAKKFLVDGMMSDLSPVSCRALCNYYHPYGAYAIHMKYGLKRFSTFCRIGGTGYKSLSTL",10.0797423537216,"Lenarviricota"
"ERR790028","Meloidogyne incognita","SAMEA3317218","PRJEB8846","u809310","u809310","woolySnag","UJQ92456.1",64,2.59e-29,"Mitoviridae sp.","Mitoviridae",31,2,35,0.00000000017,TRUE,"VLGDDILIADDRVAPIYASYVERLGVEISYLKSISSTTGCVEFAKKFLVDGMMSDLSPVSCRALCNYYHPYGAYAIHMKYGLKRFSTFCRIGGTGYKSLSTLSN",7.18953106499314,"Lenarviricota"
"ERR790028","Meloidogyne incognita","SAMEA3317218","PRJEB8846","u904318","u904318","adientFill","QDH87834.1",47,2.4e-32,"Riboviria sp.",NA,22,4,40,2.7e-22,TRUE,"GDDCVVIMEDADVERFRAAVDGYYRDLGFTMKVEPTVHQLERMEFCQTKPVFDGQRWRMVRNIGALSKDLVSVIDWTSLGLWYRAIGECGKSLTYGIPVYYSFYQWLCRSGGLSRVSDHPLFRCG",14.3790621299863,"Unclassified"
"ERR868332","Meloidogyne graminicola","SAMEA3373775","PRJEB9304","u41437","u37847","rootlessCutch","XP_010532918.1",100,2.27e-123,"Tarenaya hassleriana","Cleomaceae",21,9,31,0.0000000072,TRUE,"EVPKGLEMGIGSMAREEKAIIYVTSAYLTNSSLIPQLEGIEEVQFEVELVQFVQVRDMLGDGRLIKRRVVDGKGEFPMDCPLHDSLLRVHYKGMLLDEPKSIFYDTRVDNHGEPLEFCSGEGLVPEGFEMCVRLMLPGEKSIVTCPPDFAY",27.8955010972695,"Streptophyta"
"ERR868333","Meloidogyne graminicola","SAMEA3373775","PRJEB9304","u41437","u37847","rootlessCutch","XP_010532918.1",100,2.27e-123,"Tarenaya hassleriana","Cleomaceae",9,8,31,1.3e-13,TRUE,"FTIGKSEVPKGLEMGIGSMAREEKAIIYVTSAYLTNSSLIPQLEGIEEVQFEVELVQFVQVRDMLGDGRLIKRRVVDGKGEFPMDCPLHDSLLRVHYKGMLLDEPKSIFYDTRVDNHGEPLEFCSGEGLVPEGFEMCVRLMLPGEKSIVTCPPDFAYDKFPRPANVPEGA",21.7531884328073,"Streptophyta"
"ERR868333","Meloidogyne graminicola","SAMEA3373775","PRJEB9304","u433255","u433255","toroidalForward","WAK75322.1",44,7.7e-106,"Plasmopara viticola lesion associated narnavirus 2","Narnaviridae",1,4,45,1.3e-102,TRUE,"SVYAELKKARQDFKMAAMRDQVESLVEATAAGKDRLRKYLFLPAWESYLRVDRTKRELRAQVLGILAQTRGCGTPPKLVEIAAKKKFLDTVTVPPEPTTSDQRALWVSSLEAILAGAPDDAFTGLQTKVGVRVTSSSCWESTRKEGGTADAINAVVNDGAQGRLCHIRDLDHGGITESKKLSECTPGEYVFWRCLEEVLATPLDELRRAYLLMVREPGKARAVTKAMACLKVILDLVNGWVSYPLGKAFPSSTSGMQKESHGWNFFKTLSVDEEVVFRVLSKEDKEAAVGYLLREVKYHQVFVSSTDYKTATDFMLHELAETVGDGWMRKCGVPPILRGIVVATCYRPRTIIFEARGALKVIGSPAPEYGENTRRVELVRGVLMGDPLTKVVLHLIN",10.8765942164037,"Lenarviricota"
"ERR868335","Meloidogyne graminicola","SAMEA3373775","PRJEB9304","u433255","u433255","toroidalForward","WAK75322.1",44,7.7e-106,"Plasmopara viticola lesion associated narnavirus 2","Narnaviridae",1,3,45,9.7e-102,TRUE,"SVYAELKKARQDFKMAAMRDQVESLVEATAAGKDRLRKYLFLPAWESYLRVDRTKRELRAQVLGILAQTRGCGTPPKLVEIAAKKKFLDTVTVPPEPTTSDQRALGVSSLEAILAGAPDDAFTGLQTKVGVRVTSSSCWESTRKEGGTADAINAVVNDGAQGRLCHIRDLDHGGITESKKLSECTPGEYVFWRCLEEVLATPLDELRRAYLLMVREPGKARAVTKAMACLKVILDLVNGWVSYPLGKAFPSSTSGMQKESHGWNFFKTLSVDEEVVFRVLSKEDKEAAVGYLLREVKYHQVFVSSTDYKTATDFMLHELAETVGDGWMRKCGVPPILRGIVVATCYRPRTIIFEARGALKVIGSPAPEYGENTRRVELVRGVLMGDPLTKVVLHLIN",7.78900560050273,"Lenarviricota"
"ERR868336","Meloidogyne graminicola","SAMEA3373775","PRJEB9304","u41437","u37847","rootlessCutch","XP_010532918.1",100,2.27e-123,"Tarenaya hassleriana","Cleomaceae",27,6,31,2e-14,TRUE,"PYFFTIGKSEVPKGLEMGIGSMAREEKAIIYVTSAYLTNSSLIPQLEGIEEVQFEVELVQFVQVRDMLGDGRLIKRRVVDGKGEFPMDCPLHDSLLRVHYKGMLLDEPKSIFYDTRVDNHGEPLEFCSGEGLVPEGFEMCVRLMLPGEKSIVTCPPDFAYDKFPRPANVPEGA",17.1352358795161,"Streptophyta"
"ERR868337","Meloidogyne graminicola","SAMEA3373775","PRJEB9304","u41437","u37847","rootlessCutch","XP_010532918.1",100,2.27e-123,"Tarenaya hassleriana","Cleomaceae",9,8,30,0.00000001,TRUE,"GIGSMAREEKAIIYVTSAYLTNSSLIPQLEGIEEVQFEVELVQFVQVRDMLGDGRLIKRRVVDGKGEFPMDCPLHDSLLRVHYKGMLLDEPKSIFYDTRVDNHGEPLEFCSGEGLVPEGFEMCVRLMLPGEKSIVTCPPDFAYDKFPRPANVPEGA",24.5761082135197,"Streptophyta"
"ERR868338","Meloidogyne graminicola","SAMEA3373775","PRJEB9304","u41437","u37847","rootlessCutch","XP_010532918.1",100,2.27e-123,"Tarenaya hassleriana","Cleomaceae",10,11,30,2.7e-14,TRUE,"DGKELLPSKEEPYFFTIGKSEVPKGLEMGIGSMAREEKAIIYVTSAYLTNSSLIPQLEGIEEVQFEVELVQFVQVRDMLGDGRLIKRRVVDGKGEFPMDCPLHDSLLRVHYKGMLLDEPKSIFYDTRVDNHGEPLEFCSGEGLVPEGFEMCVRLMLPGEKSIVTCPPDFAYDKFPRPANVPEG",30.5328798034882,"Streptophyta"
"ERR868340","Meloidogyne graminicola","SAMEA3373775","PRJEB9304","u41437","u37847","rootlessCutch","XP_010532918.1",100,2.27e-123,"Tarenaya hassleriana","Cleomaceae",8,12,30,2.8e-13,TRUE,"DGKELLPSKEEPYFFTIGKSEVPKGLEMGIGSMAREEKAIIYVTSAYLTNSSLIPQLEGIEEVQFEVELVQFVQVRDMLGDGRLIKRRVVDGKGEFPMDCPLHDSLLRVHYKGMLLDEPKSIFYDTRVDNHGEPLEFCSGEGLVPEGFEMCVRLMLPGEKSIVTCPPDFAYDKFPRP",33.8045623595156,"Streptophyta"
"ERR868341","Meloidogyne graminicola","SAMEA3373775","PRJEB9304","u41437","u37847","rootlessCutch","XP_010532918.1",100,2.27e-123,"Tarenaya hassleriana","Cleomaceae",20,6,31,1.2e-13,TRUE,"PYFFTIGKSEVPKGLEMGIGSMAREEKAIIYVTSAYLTNSSLIPQLEGIEEVQFEVELVQFVQVRDMLGDGRLIKRRVVDGKGEFPMDCPLHDSLLRVHYKGMLLDEPKSIFYDTRVDNHGEPLEFCSGEGLVPEGFEMCVRLMLPGEKSIVTCPPDFAYDKFPRPA",19.7789608819623,"Streptophyta"
"ERR868343","Meloidogyne graminicola","SAMEA3373775","PRJEB9304","u41437","u37847","rootlessCutch","XP_010532918.1",100,2.27e-123,"Tarenaya hassleriana","Cleomaceae",34,5,30,0.0000000034,TRUE,"EMGIGSMAREEKAIIYVTSAYLTNSSLIPQLEGIEEVQFEVELVQFVQVRDMLGDGRLIKRRVVDGKGEFPMDCPLHDSLLRVHYKGMLLDEPKSIFYDTRVDNHGEPLEFCSGEGLVPEGFEMCVRLMLPGEKSIVTCPPDFAYDKFPRPANVPEGA",12.4336824678214,"Streptophyta"
"ERR868345","Meloidogyne graminicola","SAMEA3373775","PRJEB9304","u41437","u37847","rootlessCutch","XP_010532918.1",100,2.27e-123,"Tarenaya hassleriana","Cleomaceae",6,11,31,1.1e-14,TRUE,"DGKELLPSKEEPYFFTIGKSEVPKGLEMGIGSMAREEKAIIYVTSAYLTNSSLIPQLEGIEEVQFEVELVQFVQVRDMLGDGRLIKRRVVDGKGEFPMDCPLHDSLLRVHYKGMLLDEPKSIFYDTRVDNHGEPLEFCSGEGLVPEGFEMCVRLMLPGEKSIVTCPPDFAYDKFPRPANVPEGA",31.178837845667,"Streptophyta"
"ERR930307","Meloidogyne incognita","SAMEA3736233","PRJEB9719","u106603","u861665","shutteredAssault","YP_950422.1",97,1.14e-97,"Maracuja mosaic virus","Virgaviridae",1,32,82,4e-116,TRUE,"SRESLNRWIAKQEQVTIGQLADFDFVDLPAVDQYRHMIKAQPKQKLDLSIQTEYPALQTIVYHSKKINAIFGPLFSELTRQLLDSIDSSRFLFFTRKTPAQIEDFFGDLDSHVPMDVLELDISKYDKSQNEFHCAVEYEIWRRLGLEDFLAEVWKQGHRKTTLKDYTAGIKTCLWYQRKSGDVTTFIGNTVII",362.546129746423,"Kitrinoviricota"
"SRR13066500","Meloidogyne javanica","SAMN16807720","PRJNA480605","u37902","u37902","hazardousStand","XP_004504386.1",100,2.35e-121,"Cicer arietinum","Fabaceae",2,121,37,6.7e-18,TRUE,"TMCKGEVARLECLPKYAYGHSGTPPKIPGNATLIFEIELLSFEGEDLSPDRNALITKSILKEGKGKYDCPPEHGKVRVHICGKTGKGENERIFYQKTHLEYTLGEGLEFGLPVGIDIAIRRMNRGEKAIVTLRGHFAYGLEPPP",555.642345971579,"Streptophyta"
"SRR13066502","Meloidogyne javanica","SAMN16807719","PRJNA480605","u37902","u37902","hazardousStand","XP_004504386.1",100,2.35e-121,"Cicer arietinum","Fabaceae",8,116,37,2.9e-18,TRUE,"TMCKGEVARLECLPKYAYGHSGTPPKIPGNATLIFEIELLSFEGEDLSPDRNALITKSILKEGKGKYDCPPEHGKVRVHICGKTGKGENERIFYQKTHLEYTLGEGLEFGLPVGIDIAIRRMNRGEKAIVTLRGHFAYGLEPPP",529.57043711383,"Streptophyta"
"SRR13066505","Meloidogyne javanica","SAMN16807718","PRJNA480605","u37902","u37902","hazardousStand","XP_004504386.1",100,2.35e-121,"Cicer arietinum","Fabaceae",2,94,36,7.6e-16,TRUE,"GEVARLECLPKYAYGHSGTPPKIPGNATLIFEIELLSFEGEDLSPDRNALITKSILKEGKGKYDCPPEHGKVRVHICGKTGKGENERIFYQKTHLEYTLGEGLEFGLPVGIDIAIRRMNRGEKAIVTLRGHFAYGLEPPP",404.238170593496,"Streptophyta"
"SRR13066506","Meloidogyne javanica","SAMN09642231","PRJNA480605","u237828","u237828","measuredTroika","QYF49613.1",80,1.93e-55,"Xinjiang hypovirus","Hypoviridae",4,1,100,7.3e-84,TRUE,"YAMDVTALDSTAAVDCVGVIKKLRKKGFQNHKYKEAVETAIDATYDNLVASWIIDIHTGRARLKKQGLTTGHFSTTPSNTEYMRVLMLKAWKDITGRPYKDFYETTEWSSFSDDNFW",4.66279461984375,"Pisuviricota"
"SRR13844588","Meloidogyne incognita","SAMN18125443","PRJNA706361","u32339","u35911","growingTeratogen","URG14554.1",93,6.27e-69,"Picornaviridae sp.","Picornaviridae",18,2,100,1.5e-76,TRUE,"DYSKFDKHMIADFIMAAYWIIAELHSLAGHDDRNYRMIMGIATDVAYPVMNIRGELVMFYGTNPSGHPLTVIINSIVNGLYMRYAYASLGYDVTTFKKEVALMTYGDDNAM",14.1234719109566,"Pisuviricota"
"SRR13844589","Meloidogyne incognita","SAMN18125544","PRJNA706361","u997558","u428943","sugaryLough","NP_734091.1",100,8.44e-133,"Sorghum mosaic virus","Potyviridae",1,16,99,4.4e-130,TRUE,"YFMDFSDADKGEILKQSCERLYEGKLGIWNGSLKAEIRPIEKTEANKTRTFTAAPLETLLGGKVCVDDFNNQFYSHHLEGPWTVGITKFYGGWNRLLNKLPEGWVYCDADGSQFDSSLTPYLINAVLDIRLHFMEDWSIGERMLRNLYTEIVYTPIATPDGSVIKKFKGNNSGQPSTVVDNTLMV",117.209144774684,"Pisuviricota"
"SRR13844592","Meloidogyne incognita","SAMN18125542","PRJNA706361","u997558","u428943","sugaryLough","NP_734091.1",100,8.44e-133,"Sorghum mosaic virus","Potyviridae",1,9,99,3.8e-130,TRUE,"YFMDFSDADKGEILKQSCERLYEGKLGIWNGSLKAEIRPIEKTEANKTRTFTAAPLETLLGGKVCVDDFNNQFYSHHLEGPWTVGITKFYGGWNRLLNKLPEGWVYCDADGSQFDSSLTPYLINAVLDIRLHFMEDWSIGERMLRNLYTEIVYTPIATPDGSVIKKFKGNNSGQPSTVVDNTLMV",57.7179477806487,"Pisuviricota"
"SRR13844593","Meloidogyne incognita","SAMN18125377","PRJNA706361","u997558","u428943","sugaryLough","NP_734091.1",100,8.44e-133,"Sorghum mosaic virus","Potyviridae",1,5,99,3.6e-131,TRUE,"YFMDFSDADKGEILKQSCERLYEGKLGIWNGSLKAEIRPIEKTEANKTRTFTAAPLETLLGGKVCVDDFNNQFYSHHLEGPWTVGITKFYGGWNRLLNKLPEGWVYCDADGSQFDSSLTPYLINAVLDIRLHFMEDWSIGERMLRNLYTEIVYTPIATPDGSVIKKFKGNNSGQPSTVVDNTLMV",32.8470027996814,"Pisuviricota"
"SRR17756040","Meloidogyne incognita","SAMN25258043","PRJNA800591","u820702","u131690","indecentIsoniazid","QKK82977.1",76,3.47e-58,"Kummerowia striata picorna-like virus",NA,1,3,100,1.3e-87,TRUE,"YAGDHSGFDKVLPSYVIDKVWNVYEAFMGPLLTEEQKIIAKNIFISFTKPMIQYKDCLIEWDNSNPSGNPITTILNTICNNITLRYAVARSLGCSTYREAKSMLLKLYKNRVVEYVCYGDDNVW",16.3505443341467,"Pisuviricota"
"SRR17756040","Meloidogyne incognita","SAMN25258043","PRJNA800591","u37902","u37902","hazardousStand","XP_004504386.1",100,2.35e-121,"Cicer arietinum","Fabaceae",2,117,38,9.1e-27,TRUE,"GKKFDDSRARDQPFCCSLGRGHIIKALDLCLITMCKGEVARLECLPKYAYGHSGTPPKIPGNATLIFEIELLSFEGEDLSPDRNALITKSILKEGKGKYDCPPEHGKVRVHICGKTGKGENERIFYQKTHLEYTLGEGLEFGLPVGIDIAIRRMNRGEKAIVTLRGHFAYGLEPPP",637.671229031721,"Streptophyta"
"SRR17756048","Meloidogyne incognita","SAMN25258043","PRJNA800591","u37902","u37902","hazardousStand","XP_004504386.1",100,2.35e-121,"Cicer arietinum","Fabaceae",4,14,36,2.3e-20,TRUE,"GHIIKALDLCLITMCKGEVARLDCLPKYAYGHSGTPPKIPGNATLIFEIELLSFEGEDLSPDRNALITKSILKEGKGKYDCPPEHGKVRVHICGKTGKGENERIFYQKTHLEYTLGEGLEFGLPVGIDIAIRRMNRGEKAIVTLRGHFAYGLEPPP",158.886270796227,"Streptophyta"
"SRR17756048","Meloidogyne incognita","SAMN25258043","PRJNA800591","u397802","u295371","covariantRaving","ULF99688.1",47,2.35e-23,"Picornavirales sp.",NA,2,10,100,6.9e-88,TRUE,"YAGDQSGFDKKLSPFLMDHQWNIIENIFVNGGLWDEEQRIIAKNLYYSCTRVHTQVRDNLIYWGNSNPSGWSLTTFTNGTSNALATYVACAHAVLGPKATQSEVSKFITTVVDKKLIFVTTYGDDVVL",113.490193425876,"Pisuviricota"
"SRR17756048","Meloidogyne incognita","SAMN25258043","PRJNA800591","u957891","u957891","navicularGravity","WDS50643.1",38,5.4e-30,"Riboviria sp.",NA,1,123,58,1.4e-79,TRUE,"GRAEEIDFNSPELKRVKFEVDWALASIKCNIRPVFIFNSFLKDELRPIGKAARLISCAPFHLSILMRQYFLGFSHHVMTNRIVNGIAVGINPMGEEWTVLGRLHNKRVVVAGDYSSFDCCLEPNIMNRVKRLIHEFYNDYGTEDYNIREVLFDELIYSRHAFGEAVYEWIGCNPSGNILTVILNSIV",1395.92937913828,"Unclassified"
"SRR17756048","Meloidogyne incognita","SAMN25258043","PRJNA800591","u343123","u738785","serialReservist","UQR78684.1",95,8.18e-85,"Striga asiatica dicistro-like virus 1","Dicistroviridae",3,7,89,3.3e-90,TRUE,"VFSCDTVCTLLIRRYFGCFASWYQDPGNRYKNSSAVGMNVADQFELKMFLEKMGSGSLNCDTKAGDYSSFDKNLPAYVLEKVWSVFSSQFKPLLSEKELGVARNVFLSFTKPYVQYEDCLIEWDNSNPSGNPITTIINTICN",79.4431353981134,"Pisuviricota"
"SRR17756049","Meloidogyne incognita","SAMN25258043","PRJNA800591","u343123","u738785","serialReservist","UQR78684.1",95,8.18e-85,"Striga asiatica dicistro-like virus 1","Dicistroviridae",3,5,89,5.2e-90,TRUE,"VFSCDTVCTLLIRRYFGCFASWYQDPGNRYKNSSAVGMNVADQFELKMFLEKMGSGSLNCDTKAGDYSSFDKNLPAYVLEKVWSVFSSQFKPLLSEKELGVARNVFLSFTKPYVQYEDCLIEWDNSNPSGNPITTIINTICN",61.7232057403569,"Pisuviricota"
"SRR17756049","Meloidogyne incognita","SAMN25258043","PRJNA800591","u957891","u957891","navicularGravity","WDS50643.1",38,5.4e-30,"Riboviria sp.",NA,1,59,58,3e-79,TRUE,"GRAEEIDFNSPELKRVKFEVDWALASIKCNIRPVFIFNSFLKDELRPIGKAARLISCAPFHLSILMRQYFLGFSHHVMTNRIVNGIAVGINPMGEEWTVLGRLHNKRVVVAGDYSSFDCCLEPNIMNRVKRLIHEFYNDYGTEDYNIREVLFDELIYSRHAFGEAVYEWIGCNPSGNILTVILNSIV",728.333827736211,"Unclassified"
"SRR17756049","Meloidogyne incognita","SAMN25258043","PRJNA800591","u397802","u295371","covariantRaving","ULF99688.1",47,2.35e-23,"Picornavirales sp.",NA,2,6,100,5.2e-88,TRUE,"YAGDQSGFDKKLSPFLMDHQWNIIENIFVNGGLWDEEQRIIAKNLYYSCTRVHTQVRDNLIYWGNSNPSGWSLTTFTNGTSNALATYVACAHAVLGPKATQSEVSKFITTVVDKKLIFVTTYGDDVVL",74.0678468884283,"Pisuviricota"
"SRR17756049","Meloidogyne incognita","SAMN25258043","PRJNA800591","u37902","u37902","hazardousStand","XP_004504386.1",100,2.35e-121,"Cicer arietinum","Fabaceae",4,11,37,8.4e-22,TRUE,"GRGHIIKALDLCLITMCKGEVARLECLPKYAYGHSGTPPKIPGNATLIFEIELLSFEGEDLSPDRNALITKSILKEGKGKYDCPPEHGKVRVHICGKTGKGENERIFYQKTHLEYTLGEGLEFGLPVGIDIAIRRMNRGEKAIVTLRGHFAYGLEPPP",135.791052628785,"Streptophyta"
"SRR17756050","Meloidogyne incognita","SAMN25258043","PRJNA800591","u37902","u37902","hazardousStand","XP_004504386.1",100,2.35e-121,"Cicer arietinum","Fabaceae",3,56,38,8.2e-27,TRUE,"GKKFDDSRARDQPFCCSLGRGHIIKALDLCLITMCKGEVARLECLPKYAYGHSGTPPKIPGNATLIFEIELLSFEGEDLSPDRNALITKSILKEGKGKYDCPPEHGKVRVHICGKTGKGENERIFYQKTHLEYTLGEGLEFGLPVGIDIAIRRMNRGEKAIVTLRGHFAYGLEPPP",309.471154691036,"Streptophyta"
"SRR17756050","Meloidogyne incognita","SAMN25258043","PRJNA800591","u957891","u957891","navicularGravity","WDS50643.1",38,5.4e-30,"Riboviria sp.",NA,2,6,58,1.7e-82,TRUE,"GRAEEIDFNSPELKRVKFEVDWALASIKCNIRPVFIFNSFLKDELRPIGKAARLISCAPFHLSILMRQYFLGFSHHVMTNRIVNGIAVGINPMGEEWTVLGRLHNKRVVVAGDYSSFDCCLEPNIMNRVKRLIHEFYNDYGTEDYNIREVLFDELIYSRHAFGEAVYEWIGCNPSGNILTVILNSIV",33.1576237168967,"Unclassified"
"SRR17756050","Meloidogyne incognita","SAMN25258043","PRJNA800591","u343123","u738785","serialReservist","UQR78684.1",95,8.18e-85,"Striga asiatica dicistro-like virus 1","Dicistroviridae",1,12,89,7.3e-88,TRUE,"VFSCDTVCTLLIRRYFGCFASWYQDPGNRYKNSSAVGMNVADQFELKMFLEKMGSGSLNCDTKAGDYSSFDKNLPAYVLEKVWSVFSSQFKPLLSEKELGVARNVFLSFTKPYVQYEDCLIEWDNSNPSGNPITTIINTICN",66.3152474337933,"Pisuviricota"
"SRR17756051","Meloidogyne incognita","SAMN25258043","PRJNA800591","u343123","u738785","serialReservist","UQR78684.1",95,8.18e-85,"Striga asiatica dicistro-like virus 1","Dicistroviridae",1,398,89,1.2e-85,TRUE,"VFSCDTVCTLLIRRYFGCFASWYQDPGNRYKNSSAVGMNVADQFELKMFLEKMGSGSLNCDTKAGDYSSFDKNLPAYVLEKVWSVFSSQFKPLLSEKELGVARNVFLSFTKPYVQYEDCLIEWDNSNPSGNPITTIINTICN",2547.23521297958,"Pisuviricota"
"SRR17756051","Meloidogyne incognita","SAMN25258043","PRJNA800591","u762036","u762036","bullishIncurring","AWK77898.1",83,3.7e-77,"Perth bee virus 4",NA,18,2,79,4.6e-70,TRUE,"VFSCDTVATLLIRRYFGCFASWYQDPLNRFKNSSAVGMNVADQFELRTYVEKLGSGSLDCDVKAGDYSGYDKKLPSYAIDTVWKVYERFFGPLLTGEELLMAKHVFLSFTKPFIQYKDVII",12.8001769496462,"Pisuviricota"
"SRR17756051","Meloidogyne incognita","SAMN25258043","PRJNA800591","u957891","u957891","navicularGravity","WDS50643.1",38,5.4e-30,"Riboviria sp.",NA,2,723,58,5.3e-78,TRUE,"GRAEEIDFNSPELKRVKFEVDWALASIKCNIRPVFIFNSFLKDELRPIGKAARLISCAPFHLSILMRQYFLGFSHHVMTNRIVNGIAVGINPMGEEWTVLGRLHNKRVVVAGDYSSFDCCLEPNIMNRVKRLIHEFYNDYGTEDYNIREVLFDELIYSRHAFGEAVYEWIGCNPSGNILTVILNSIV",4627.26396729708,"Unclassified"
"SRR17756051","Meloidogyne incognita","SAMN25258043","PRJNA800591","u585696","u557911","scheduledSkunkweed","UNY42205.1",65,2.75e-62,"Picornavirales sp.",NA,3,96,99,1.9e-98,TRUE,"VRSKDTRQMSGCPADFLFHMRQYLLTFVQIFQSNPELFEGAPGINHRSMSWDTLFHFLTAFGLDQLVAGDFKHYDKGMQAIVLLAVFRVIYKFALAAGWDERQARVILCIGYDLTFVFMDFNGDLVQFLGSNASGHCVTVIVNCIAN",614.408493583015,"Pisuviricota"
"SRR17756051","Meloidogyne incognita","SAMN25258043","PRJNA800591","u663798","u663798","abhorrentCyanide","URG15102.1",69,2.55e-38,"Leviviridae sp.","Fiersviridae",75,1,55,1.7e-22,TRUE,"IFLKEKLQDVQAIYKLANNVRYLSHRGRHYDGCDGRFRYCWSRLYQRVPKPLRFRIPVGIGDVGFI",6.40008847482308,"Lenarviricota"
"SRR17756051","Meloidogyne incognita","SAMN25258043","PRJNA800591","u37902","u37902","hazardousStand","XP_004504386.1",100,2.35e-121,"Cicer arietinum","Fabaceae",5,20,38,7.6e-26,TRUE,"GKKFDDSRARDQPFCCSLGRGHIIKALDLCLITMCKGEVARLECLPKYAYGHSGTPPKIPGNATLIFEIELLSFEGEDLSPDRNALITKSILKEGKGKYDCPPEHGKVRVHICGKTGKGENERIFYQKTHLEYTLGEGLEFGLPVGIDIAIRRMNRGEKAIVTLRGHFAYGLEPPP",128.001769496462,"Streptophyta"
"SRR17756051","Meloidogyne incognita","SAMN25258043","PRJNA800591","u514034","u514034","brimfulMelody","AWK77898.1",80,3.1e-73,"Perth bee virus 4",NA,4,13,97,1.7e-94,TRUE,"VFSCDTVATLLIRKYMGCFASWYQDPQNRFKNSSAVGMNVADLFELKTYAEKLGNGSIDVDVKAGDQSGFDKRLPSYAVDKVWAVFERIFRPLMNQEELTIAKNVFVSFTRPFIQYKDCLIEWDNSNPSGNPITTILNTICN",83.2011501727,"Pisuviricota"
"SRR17756052","Meloidogyne incognita","SAMN25258043","PRJNA800591","u514034","u514034","brimfulMelody","AWK77898.1",80,3.1e-73,"Perth bee virus 4",NA,5,12,97,1.3e-94,TRUE,"VFSCDTVATLLIRKYMGCFASWYQDPQNRFKNSSAVGMNVADLFELKTYAEKLGNGSIDVDVKAGDQSGFDKRLPSYAVDKVWAVFERIFRPLMNQEELTIAKNVFVSFTRPFIQYKDCLIEWDNSNPSGNPITTILNTICN",95.5767555418987,"Pisuviricota"
"SRR17756052","Meloidogyne incognita","SAMN25258043","PRJNA800591","u828751","u295371","covariantRaving","ULF99688.1",47,2.35e-23,"Picornavirales sp.",NA,6,3,100,1.3e-90,TRUE,"YAGDQSGFDKKLSPFLMDHQWNIIENIFVNGGLWDEEQRIIAKNLYYSCTRVHTQVRDNLIYWGNSNPSGWSLTTFTNGTSNALATYVACAHAVLGPIATQSEVSKFITTVVDKKLIFVTTYGDDVVL",23.8941888854747,"Pisuviricota"
"SRR17756052","Meloidogyne incognita","SAMN25258043","PRJNA800591","u37902","u37902","hazardousStand","XP_004504386.1",100,2.35e-121,"Cicer arietinum","Fabaceae",9,66,37,1.2e-21,TRUE,"GRGHIIKALDLCLITMCKGEVARLECLPKYAYGHSGTPPKIPGNATLIFEIELLSFEGEDLSPDRNALITKSILKEGKGKYDCPPEHGKVRVHICGKTGKGENERIFYQKTHLEYTLGEGLEFGLPVGIDIAIRRMNRGEKAIVTLRGHFAYGLEPPP",525.672155480443,"Streptophyta"
"SRR17756052","Meloidogyne incognita","SAMN25258043","PRJNA800591","u957891","u957891","navicularGravity","WDS50643.1",38,5.4e-30,"Riboviria sp.",NA,2,718,58,3e-78,TRUE,"GRAEEIDFNSPELKRVKFEVDWALASIKCNIRPVFIFNSFLKDELRPIGKAARLISCAPFHLSILMRQYFLGFSHHVMTNRIVNGIAVGINPMGEEWTVLGRLHNKRVVVAGDYSSFDCCLEPNIMNRVKRLIHEFYNDYGTEDYNIREVLFDELIYSRHAFGEAVYEWIGCNPSGNILTVILNSIV",5718.67587325694,"Unclassified"
"SRR17756052","Meloidogyne incognita","SAMN25258043","PRJNA800591","u585696","u557911","scheduledSkunkweed","UNY42205.1",65,2.75e-62,"Picornavirales sp.",NA,3,72,99,2e-98,TRUE,"VRSKDTRQMSGCPADFLFHMRQYLLTFVQIFQSNPELFEGAPGINHRSMSWDTLFHFLTAFGLDQLVAGDFKHYDKGMQAIVLLAVFRVIYKFALAAGWDERQARVILCIGYDLTFVFMDFNGDLVQFLGSNASGHCVTVIVNCIAN",573.460533251392,"Pisuviricota"
"SRR17756052","Meloidogyne incognita","SAMN25258043","PRJNA800591","u343123","u738785","serialReservist","UQR78684.1",95,8.18e-85,"Striga asiatica dicistro-like virus 1","Dicistroviridae",1,394,89,3e-85,TRUE,"VFSCDTVCTLLIRRYFGCFASWYQDPGNRYKNSSAVGMNVADQFELKMFLEKMGSGSLNCDTKAGDYSSFDKNLPAYVLEKVWSVFSSQFKPLLSEKELGVARNVFLSFTKPYVQYEDCLIEWDNSNPSGNPITTIINTICN",3138.10347362567,"Pisuviricota"
"SRR17756053","Meloidogyne incognita","SAMN25258043","PRJNA800591","u176015","u176015","tweedyShortener","AWK77898.1",72,2.66e-56,"Perth bee virus 4",NA,1,5,100,2.2e-84,TRUE,"KAGDYSGYDKKLPSYAIDTVWKVYERFFGPLLTGEELLMAKHVFLSFTKPFIQYKDVIIEWDNSNPSGNPITTILNTICNNIILRYGVARSLGCETKEAALKTLKLLFANKIVEYICYGDDNVW",30.8075933323742,"Pisuviricota"
"SRR17756053","Meloidogyne incognita","SAMN25258043","PRJNA800591","u957891","u957891","navicularGravity","WDS50643.1",38,5.4e-30,"Riboviria sp.",NA,2,10,58,2.3e-81,TRUE,"GRAEEIDFNSPELKRVKFEVDWALASIKCNIRPVFIFNSFLKDELRPIGKAARLISCAPFHLSILMRQYFLGFSHHVMTNRIVNGIAVGINPMGEEWTVLGRLHNKRVVVAGDYSSFDCCLEPNIMNRVKRLIHEFYNDYGTEDYNIREVLFDELIYSRHAFGEAVYEWIGCNPSGNILTVILNSIV",61.6151866647484,"Unclassified"
"SRR17756053","Meloidogyne incognita","SAMN25258043","PRJNA800591","u506875","u173851","pluggedPewee","AWK77898.1",73,8.76e-58,"Perth bee virus 4",NA,3,3,100,7.6e-91,TRUE,"KAGDQSGFDKRLPSYAVDKVWAVFERIFRPLMNQEELTIAKNVFVSFTRPFIQYKDCLIEWDNSNPSGNPITTILNTICNNIILRYSVARSVGCQTRHHALKTLKLMHAQRIIEYICYGDDNVW",18.4845559994245,"Pisuviricota"
"SRR17756053","Meloidogyne incognita","SAMN25258043","PRJNA800591","u30654","u30654","lazyEyesight","KAF8749072.1",100,3.34e-65,"Rhizoctonia solani","Ceratobasidiaceae",16,3,39,9e-13,TRUE,"DDKYIVSASGDRTIKVWDTKTCEFVRTLLGHKRGIACLQYRDKIVVSGSSDNTIRIWDIECGACLRILEGHDEL",18.4845559994245,"Basidiomycota"
"SRR2389327","Meloidogyne graminicola","SAMN04041662","PRJNA355912","u78055","u44369","opposableBoldness","URG14988.1",74,2.33e-52,"Picornaviridae sp.","Picornaviridae",3,8,89,1e-41,TRUE,"DNSMRISKAAKITAFPTMDFHGDLVEMQGNPSGHPLTVIINCIVNSLYMRYAFVTTTKRSAASFKQFVSLATYGDDNAM",19.967146556235,"Pisuviricota"
"SRR2389327","Meloidogyne graminicola","SAMN04041662","PRJNA355912","u254482","u21207","visoredAnimalism","AWK77928.1",99,2.16e-93,"Rhopalosiphum padi virus","Dicistroviridae",5,8,100,1.2e-74,TRUE,"IAGDYSNFDGSLPAQLVYAATEIMADWYDLNWDYVEAHKRNVVGGQVLLKNDFLDYLRRLYYECVHHLHIMNFQQGSLMYYVRNGIPSGCPVTAPLNSIVNQMALIY",19.967146556235,"Pisuviricota"
"SRR2389363","Meloidogyne graminicola","SAMN04041662","PRJNA355912","u857372","u857372","shrillMachmeter","QRI44221.1",56,3.84e-32,"Picornavirales sp.",NA,16,8,45,4.6e-18,TRUE,"LHCQMASIGVEYTMADKESESVPFIDVDQISFLKRTFRWDDEMKSYMAVLEEKSINKMLTSYVHTGVLAPEAHSICAIETAIREYFFYGREKCEE",14.6678844433261,"Pisuviricota"
"SRR2389363","Meloidogyne graminicola","SAMN04041662","PRJNA355912","u405689","u66798","quitsBrickwork","URG14683.1",100,1.25e-77,"Picornaviridae sp.","Picornaviridae",12,10,100,1.7e-62,TRUE,"STQAGWSCEDIQVLRCIAYDTAFPLMDFHGDLIEVQGNPSGHPLTVIINCIVNSLYMRYAYAMTTKNSPRNFKRDVCLATYGDDNIM",18.3348555541576,"Pisuviricota"
"SRR2389363","Meloidogyne graminicola","SAMN04041662","PRJNA355912","u890894","u34051","pennateHistory","UZT54532.1",65,1.05e-52,"flactilig virus 11",NA,15,10,100,4.2e-87,TRUE,"VAGDYGKYDKKMEPIMILMAFYVIKRVAVACGWTSEEAAIFDVIGEDTAYSFVNFDGDLIQFLGSNPSGQPLTVIVNCIVNCLYMRYAFMKLCPWNTSAYASLRRFKDYVRLLTYGDDNTL",18.3348555541576,"Pisuviricota"
"SRR2389363","Meloidogyne graminicola","SAMN04041662","PRJNA355912","u890894","u34051","pennateHistory","UZT54532.1",65,1.05e-52,"flactilig virus 11",NA,15,10,100,4.2e-87,TRUE,"VAGDYGKYDKKMEPIMILMAFYVIKRVAVACGWTSEEAAIFDVIGEDTAYSFVNFDGDLIQFLGSNPSGQPLTVIVNCIVNCLYMRYAFMKLCPWNTSAYASLRRFKDYVRLLTYGDDNTL",18.3348555541576,"Unclassified"
"SRR2389452","Meloidogyne graminicola","SAMN04041663","PRJNA355912","u890894","u34051","pennateHistory","UZT54532.1",65,1.05e-52,"flactilig virus 11",NA,15,10,100,4.2e-87,TRUE,"VAGDYGKYDKKMEPIMILMAFYVIKRVAVACGWTSEEAAIFDVIGEDTAYSFVNFDGDLIQFLGSNPSGQPLTVIVNCIVNCLYMRYAFMKLCPWNTSAYASLRRFKDYVRLLTYGDDNTL",18.3348555541576,"Pisuviricota"
"SRR2389452","Meloidogyne graminicola","SAMN04041663","PRJNA355912","u890894","u34051","pennateHistory","UZT54532.1",65,1.05e-52,"flactilig virus 11",NA,15,10,100,4.2e-87,TRUE,"VAGDYGKYDKKMEPIMILMAFYVIKRVAVACGWTSEEAAIFDVIGEDTAYSFVNFDGDLIQFLGSNPSGQPLTVIVNCIVNCLYMRYAFMKLCPWNTSAYASLRRFKDYVRLLTYGDDNTL",18.3348555541576,"Unclassified"
"SRR2389452","Meloidogyne graminicola","SAMN04041663","PRJNA355912","u405689","u66798","quitsBrickwork","URG14683.1",100,1.25e-77,"Picornaviridae sp.","Picornaviridae",12,10,100,1.7e-62,TRUE,"STQAGWSCEDIQVLRCIAYDTAFPLMDFHGDLIEVQGNPSGHPLTVIINCIVNSLYMRYAYAMTTKNSPRNFKRDVCLATYGDDNIM",18.3348555541576,"Pisuviricota"
"SRR2389452","Meloidogyne graminicola","SAMN04041663","PRJNA355912","u857372","u857372","shrillMachmeter","QRI44221.1",56,3.84e-32,"Picornavirales sp.",NA,16,8,45,4.6e-18,TRUE,"LHCQMASIGVEYTMADKESESVPFIDVDQISFLKRTFRWDDEMKSYMAVLEEKSINKMLTSYVHTGVLAPEAHSICAIETAIREYFFYGREKCEE",14.6678844433261,"Pisuviricota"
"SRR3102904","Meloidogyne incognita","SAMN04382544","PRJNA307527","u1060248","u1060248","operantPompon","UYQ90667.1",87,1.89e-71,"Rhizoctonia solani partitivirus 2","Partitiviridae",20,2,86,4.9e-81,TRUE,"QGDDSIVRLGVLIPPEAHEAFLLAMQQKADFYFKAIISVEKSEIGNALNGREVLSYRNYNGLPRRDEIKMLAQFYHTKARNPTPEIAMAQAVGFAYASCGTHQRVLDTLEHVYNDYKRQGYTPNRAGLSLVF",9.97512353816435,"Pisuviricota"
"SRR3102904","Meloidogyne incognita","SAMN04382544","PRJNA307527","u809111","u809111","rhinalActivism","CBJ23785.1",70,1.55e-61,"Heterobasidion parviporum partitivirus Fr 110B","Partitiviridae",25,1,67,1.8e-59,TRUE,"VQGDDSIVRFAVLLPRSSHEAFLLRMAELAELYFNSVISLNKSEIGNELQNREVLSYRNNHGLPYRNEILMMAQFYHTKARNPTPSITMAQAIGFAYAACGNHPRVHQCLEEIYSYYADQGFTPNPAGFTLVF",4.98756176908217,"Pisuviricota"
"SRR5684404","Meloidogyne incognita","SAMN07174886","PRJNA390559","u106603","u861665","shutteredAssault","YP_950422.1",97,1.14e-97,"Maracuja mosaic virus","Virgaviridae",1,11,82,2.2e-117,TRUE,"SRESLNRWIAKQEQVTIGQLADFDFVDLPAVDQYKHMIKAQPKQKLDLSIQTEYPALQTIVYHSKKINAIFGPLFSELTRQLLDSIDSSRFLFFTRKTPAQIEDFFGDLDSHVPMDVLELDVSKYDKSQNEFHCAVEYEIWRRLGLEDFLAEVWKQGHRKTTLKDYTAGIKTCLWYQRKSGDVTTFIGNTVII",46.5509334287374,"Kitrinoviricota"
"SRR5684409","Meloidogyne incognita","SAMN07174969","PRJNA390559","u465021","u861665","shutteredAssault","YP_950422.1",97,1.14e-97,"Maracuja mosaic virus","Virgaviridae",6,3,97,2.7e-65,TRUE,"AQIEDFFGDLDSHVPMDVLELDVSKYDKSQNEFHCAVEYEIWRRLGLEDFLAEVWKQGHRKTTRKDYTAGIKTCLWYQRKSGDVTTFIGNTVII",10.680972143633,"Kitrinoviricota"
"SRR5684410","Meloidogyne incognita","SAMN07174968","PRJNA390559","u465021","u861665","shutteredAssault","YP_950422.1",97,1.14e-97,"Maracuja mosaic virus","Virgaviridae",10,3,98,9.5e-68,TRUE,"TPAQIEDFFGDLDSHVPMDVLELDVSKYDKSQNEFHCAVEYEIWRRLGLEDFLAEVWKQGHRKTTLKDYTAGIKTCLWYQRKSGDVTTFIGNTVII",7.3319425290084,"Kitrinoviricota"
"SRR5684411","Meloidogyne incognita","SAMN07174970","PRJNA390559","u528","u7099","andantinoEndive","WAH70783.1",97,1.42e-65,"Tomato mosaic virus","Virgaviridae",7,3,100,7.8e-71,TRUE,"LELDVSKYDKSQNEFHCAVEYEIWRRLGLEDFLAEVWKQGHRKTTLKDYTAGIKTCLWYQRKSGDVTTFIGNTVIIASCLASMLPMEKLIKGAFCGDDSLL",10.7436061666151,"Kitrinoviricota"
"SRR5684411","Meloidogyne incognita","SAMN07174970","PRJNA390559","u528","u7099","andantinoEndive","WAH70783.1",97,1.42e-65,"Tomato mosaic virus","Virgaviridae",7,3,100,7.8e-71,TRUE,"LELDVSKYDKSQNEFHCAVEYEIWRRLGLEDFLAEVWKQGHRKTTLKDYTAGIKTCLWYQRKSGDVTTFIGNTVIIASCLASMLPMEKLIKGAFCGDDSLL",10.7436061666151,"Unclassified"
"SRR5684413","Meloidogyne incognita","SAMN07174884","PRJNA390559","u106603","u861665","shutteredAssault","YP_950422.1",97,1.14e-97,"Maracuja mosaic virus","Virgaviridae",1,14,82,1.1e-115,TRUE,"SRESLNRWIAKQEQVTIGQLADFDFVDLPAVDQYKHMIKAQPKQKLDLSIQTEYPALQTIVYHSKKINAIFGPLFSELTRQLLDSIDSSRFLFFTRKTPAQIEDFFGDLDSHVPMDVLELDVSKYDKSQNEFHCAVEYEIWRRLGLEDFLAEVWKQGHRKTTLKDYTAGIKTCLWYQRKSGDVTTFIGNTVII",47.3652648521823,"Kitrinoviricota"
"SRR5684415","Meloidogyne incognita","SAMN07174885","PRJNA390559","u106603","u861665","shutteredAssault","YP_950422.1",97,1.14e-97,"Maracuja mosaic virus","Virgaviridae",1,11,82,3.3e-115,TRUE,"SRESLNRWIAKQEQVTIGQLADFDFVDLPAVDQYKHMIKAQPKQKLDLSIQTEYPALQTIVYHSKKINAIFGPLFSELTRQLLDSIDSSRFLFFTRKTPAQIEDFFGDLDSHVPMDVLELDVSKYDKSQNEFHCAVEYEIWRRLGLEDFLAEVWKQGHRKTTLKDYTAGIKTCLWYQRKSGDVTTFIGNTVII",46.1687609236338,"Kitrinoviricota"
"SRR7601332","Meloidogyne incognita","SAMN09711864","PRJNA482752","u1027285","u270148","brocadedBaseness","URG14968.1",34,1.26e-12,"Picornaviridae sp.","Picornaviridae",1,5,100,5.2e-87,TRUE,"FGGDIKTFDCIMSPEVMECVRRVINGFYQDDGTDNHYVRNMLFDEMIYSRHSFRGAIYEWEGCNASGNPLTVIINCIVLLILLHAACIQILAEEMEDAHDTRSEEWRNIEEALSGTEITTYGDDSIT",30.4352132007989,"Pisuviricota"
"SRR7609917","Meloidogyne incognita","SAMN09713929","PRJNA482761","u37902","u37902","hazardousStand","XP_004504386.1",100,2.35e-121,"Cicer arietinum","Fabaceae",3,49,37,3.2e-17,TRUE,"TMCKGEVARLECLPKYAYGHSGTPPKIPGNATLIFEIELLSFEGEDLSPDRNALITKSILKEGKGKYDCPPEHGKVRVHICGKTGKGENERIFYQKTHLEYTLGEGLEFGLPVGIDIAIRRMNRGEKAIVTLRGHFAYGLEPPP",273.650587069865,"Streptophyta"
"SRR7609919","Meloidogyne incognita","SAMN09713929","PRJNA482761","u514034","u514034","brimfulMelody","AWK77898.1",80,3.1e-73,"Perth bee virus 4",NA,12,1,99,3.2e-70,TRUE,"ADLFELKTYAEKLGNGSIDVDVKAGDQSGFDKRLPSYAVDKVWAV*ERIFRPLMSQEELVIAKNVFVSFTRPFIQYKDCLIEWDNSNPSGNPITTILNTICN",8.47437159356744,"Pisuviricota"
"SRR7609922","Meloidogyne incognita","SAMN09713929","PRJNA482761","u270666","u35911","growingTeratogen","URG14554.1",93,6.27e-69,"Picornaviridae sp.","Picornaviridae",19,1,98,6.7e-56,TRUE,"HMIADFIMAAYWITAELHSLAGHDDRYYRQIMGIATDVAYPTMNIRGELVMFYGTNPSGHPLTVIINSIVNSLYMRYAYASLG",7.44040588306941,"Pisuviricota"
"SRR7609923","Meloidogyne incognita","SAMN09713929","PRJNA482761","u270666","u35911","growingTeratogen","URG14554.1",93,6.27e-69,"Picornaviridae sp.","Picornaviridae",17,2,100,7.5e-80,TRUE,"VAGDYSKFDKHMIADFIMAAYWIISELHSLAGHDDRYYRQIMGIATDVAYPTMNIRGELVMFYGTNPSGHPLTVIINSIVNSLYMRYAYASLGYDVSTFKQEVALMTYGDDNAM",7.28945086343363,"Pisuviricota"
"SRR8691582","Meloidogyne incognita","SAMN11079423","PRJNA525879","u538372","u256215","nosedBeginning","ATD50490.1",82,3.24e-63,"Magnaporthe oryzae partitivirus 2","Partitiviridae",1,79,77,4.2e-98,TRUE,"SAGKHIYVPPAKLALRGHLSELESAKTRPVWVFPFEISILEGKWALPYYKFLEEEVPSVHFGEGAMQRLAKILVSDVASHSECVEVTTDWSGFDTSVPNFMIDDAFDVLFGAFDEEAVLHQGDIVVGGPYMAKKNEAVKDFLKTYFKKTKILLPDGSTYKKNHGIPSGSFFTQAIGSIVN",327.642732060949,"Pisuviricota"
"SRR8691586","Meloidogyne incognita","SAMN11079420","PRJNA525879","u538372","u256215","nosedBeginning","ATD50490.1",82,3.24e-63,"Magnaporthe oryzae partitivirus 2","Partitiviridae",1,93,77,4.2e-98,TRUE,"SAGKHIYVPPAKLALRGHLSELESAKTRPVWVFPFEISILEGKWALPYYKFLEEEVPSVHFGEGAMQRLAKILVSDVASHSECVEVTTDWSGFDTSVPNFMIDDAFDVLFGAFDEEAVLHQGDIVVGGPYMAKKNEAVKDFLKTYFKKTKILLPDGSTYKKNHGIPSGSFFTQAIGSIVN",291.415199633983,"Pisuviricota"
"SRR8691589","Meloidogyne incognita","SAMN11079426","PRJNA525879","u538372","u256215","nosedBeginning","ATD50490.1",82,3.24e-63,"Magnaporthe oryzae partitivirus 2","Partitiviridae",1,1579,77,3.9e-97,TRUE,"SAGKHIYVPPAKLALRGHLSELESAKTRPVWVFPFEISILEGKWALPYYKFLEEEVPSVHFGEGAMQRLAKILVSDVASHSECVEVTTDWSGFDTSVPNFMIDDAFDVLFGAFDEEAVLHQGDIVVGGPYMAKKNEAVKDFLKTYFKKTKILLPDGSTYKKNHGIPSGSFFTQAIGSIVN",4192.66114362998,"Pisuviricota"
"SRR8691590","Meloidogyne incognita","SAMN11079417","PRJNA525879","u538372","u256215","nosedBeginning","ATD50490.1",82,3.24e-63,"Magnaporthe oryzae partitivirus 2","Partitiviridae",1,124,77,7.2e-98,TRUE,"SAGKHIYVPPAKLALRGHLSELESAKTRPVWVFPFEISILEGKWALPYYKFLEEEVPSVHFGEGAMQRLAKILVSDVASHSECVEVTTDWSGFDTSVPNFMIDDAFDVLFGAFDEEAVLHQGDIVVGGPYMAKKNEAVKDFLKTYFKKTKILLPDGSTYKKNHGIPSGSFFTQAIGSIVN",347.698984203026,"Pisuviricota"
"SRR8691594","Meloidogyne incognita","SAMN11079411","PRJNA525879","u704096","u63912","babelikePrinciple","ATD50490.1",87,1.14e-67,"Magnaporthe oryzae partitivirus 2","Partitiviridae",47,2,100,1.1e-83,TRUE,"WSGFDTSVPNFMIDDAFDVLFGAFDEEAVLHQGDIVVGGPYMAKKNEAVKDFLKTYFKKTKILLPDGSTYKKNHGIPTGSFFTQAIGSIVNYIAIRTLDFHFGWNGRRFKVLGDDSSF",6.24026830158368,"Pisuviricota"
"SRR8691601","Meloidogyne incognita","SAMN11079429","PRJNA525879","u538372","u256215","nosedBeginning","ATD50490.1",82,3.24e-63,"Magnaporthe oryzae partitivirus 2","Partitiviridae",1,1021,77,1.9e-97,TRUE,"SAGKHIYVPPAKLALRGHLSELESAKTRPVWVFPFEISILEGKWALPYYKFLEEEVPSVHFGEGAMQRLAKILVSDVASHSECVEVTTDWSGFDTSVPNFMIDDAFDVLFGAFDEEAVLHQGDIVVGGPYMAKKNEAVKDFLKTYFKKTKILLPDGSTYKKNHGIPSGSFFTQAIGSIVN",3083.4801358797,"Pisuviricota"
"SRR8691603","Meloidogyne incognita","SAMN11079432","PRJNA525879","u538372","u256215","nosedBeginning","ATD50490.1",82,3.24e-63,"Magnaporthe oryzae partitivirus 2","Partitiviridae",1,1062,77,7e-98,TRUE,"SAGKHIYVPPAKLALRGHLSELESAKTRPVWVFPFEISILEGKWALPYYKFLEEEVPSVHFGEGAMQRLAKILVSDVASHSECVEVTTDWSGFDTSVPNFMIDDAFDVLFGAFDEEAVLHQGDIVVGGPYMAKKNEAVKDFLKTYFKKTKILLPDGSTYKKNHGIPSGSFFTQAIGSIVN",3457.87151728114,"Pisuviricota"
